Datetime,Open,High,Low,Close,Adj Close,Volume,sma20
2021-12-28 09:30:00-05:00,665.5,666.6599731445312,664.9000244140625,666.659912109375,666.659912109375,18478,
2021-12-28 09:31:00-05:00,665.6959228515625,666.1500244140625,665.4400024414062,665.6199951171875,665.6199951171875,4766,
2021-12-28 09:32:00-05:00,665.364990234375,665.5800170898438,662.739990234375,662.739990234375,662.739990234375,5517,
2021-12-28 09:33:00-05:00,662.0599975585938,663.5549926757812,662.0599975585938,663.5549926757812,663.5549926757812,1677,
2021-12-28 09:34:00-05:00,664.1649780273438,665.0599975585938,663.5599975585938,665.0599975585938,665.0599975585938,1907,
2021-12-28 09:35:00-05:00,664.4349975585938,664.4349975585938,662.1599731445312,662.1599731445312,662.1599731445312,6258,
2021-12-28 09:37:00-05:00,660.8900146484375,660.8900146484375,660.8900146484375,660.8900146484375,660.8900146484375,902,
2021-12-28 09:38:00-05:00,661.6699829101562,662.2449951171875,660.760009765625,661.47998046875,661.47998046875,2461,
2021-12-28 09:39:00-05:00,661.2550048828125,661.2550048828125,661.2550048828125,661.2550048828125,661.2550048828125,213,
2021-12-28 09:40:00-05:00,661.260009765625,661.260009765625,660.22998046875,660.5700073242188,660.5700073242188,3345,662.9989868164063
2021-12-28 09:41:00-05:00,660.5800170898438,660.5800170898438,660.5800170898438,660.5800170898438,660.5800170898438,743,662.3909973144531
2021-12-28 09:42:00-05:00,660.364990234375,660.6300048828125,660.364990234375,660.3699951171875,660.3699951171875,530,661.8659973144531
2021-12-28 09:43:00-05:00,660.1799926757812,660.1799926757812,659.280029296875,659.2899780273438,659.2899780273438,3900,661.52099609375
2021-12-28 09:44:00-05:00,658.5499877929688,660.47998046875,658.52001953125,660.47998046875,660.47998046875,3941,661.2134948730469
2021-12-28 09:45:00-05:00,660.3350219726562,660.77001953125,660.3350219726562,660.5599975585938,660.5599975585938,1907,660.7634948730469
2021-12-28 09:46:00-05:00,661.1500244140625,661.7100219726562,661.1500244140625,661.6799926757812,661.6799926757812,1985,660.7154968261718
2021-12-28 09:47:00-05:00,662.030029296875,662.030029296875,660.5700073242188,660.5700073242188,660.5700073242188,3355,660.68349609375
2021-12-28 09:49:00-05:00,660.864990234375,662.1500244140625,660.864990234375,662.1500244140625,662.1500244140625,1664,660.7505004882812
2021-12-28 09:50:00-05:00,662.2949829101562,662.3250122070312,662.2949829101562,662.3250122070312,662.3250122070312,307,660.8575012207032
2021-12-28 09:51:00-05:00,662.97998046875,663.2100219726562,662.7949829101562,663.2100219726562,663.2100219726562,442,661.1215026855468
2021-12-28 09:52:00-05:00,662.7550048828125,663.489990234375,662.6746826171875,663.489990234375,663.489990234375,3059,661.4125
2021-12-28 09:53:00-05:00,662.760009765625,662.760009765625,662.260009765625,662.3699951171875,662.3699951171875,2188,661.6125
2021-12-28 09:54:00-05:00,662.719970703125,663.0900268554688,662.719970703125,662.7650146484375,662.7650146484375,1076,661.9600036621093
2021-12-28 09:55:00-05:00,663.1699829101562,663.2100219726562,662.3499755859375,662.3499755859375,662.3499755859375,11763,662.1470031738281
2021-12-28 09:56:00-05:00,662.0700073242188,662.0700073242188,661.6799926757812,661.6799926757812,661.6799926757812,980,662.2590026855469
2021-12-28 09:57:00-05:00,661.4000244140625,661.7750244140625,661.4000244140625,661.7750244140625,661.7750244140625,351,662.268505859375
2021-12-28 09:58:00-05:00,662.0850219726562,662.0850219726562,661.6599731445312,661.6599731445312,661.6599731445312,1844,662.3775024414062
2021-12-28 09:59:00-05:00,663.0399780273438,663.0399780273438,662.4400024414062,662.6649780273438,662.6649780273438,432,662.4289978027343
2021-12-28 10:00:00-05:00,662.6699829101562,662.6699829101562,661.7000122070312,661.7000122070312,661.7000122070312,2912,662.3664978027343
2021-12-28 10:01:00-05:00,662.1300048828125,662.489990234375,661.5800170898438,661.5800170898438,661.5800170898438,3450,662.2034973144531
2021-12-28 10:02:00-05:00,661.0,661.0,660.1699829101562,660.1799926757812,660.1799926757812,2779,661.8724975585938
2021-12-28 10:03:00-05:00,660.0700073242188,660.5999755859375,660.010009765625,660.5999755859375,660.5999755859375,495,661.6954956054688
2021-12-28 10:04:00-05:00,660.1500244140625,660.6290893554688,660.0999755859375,660.2849731445312,660.2849731445312,2075,661.4474914550781
2021-12-28 10:05:00-05:00,659.780029296875,659.780029296875,659.77001953125,659.77001953125,659.77001953125,757,661.1894958496093
2021-12-28 10:06:00-05:00,659.6749877929688,660.4000244140625,659.3400268554688,660.1699829101562,660.1699829101562,1926,661.0384948730468
2021-12-28 10:07:00-05:00,659.9099731445312,659.9099731445312,659.530029296875,659.614990234375,659.614990234375,2446,660.8224914550781
2021-12-28 10:08:00-05:00,659.280029296875,659.9000244140625,658.888916015625,659.77001953125,659.77001953125,3878,660.63349609375
2021-12-28 10:09:00-05:00,659.6300048828125,659.6300048828125,659.6300048828125,659.6300048828125,659.6300048828125,754,660.3299987792968
2021-12-28 10:10:00-05:00,658.97998046875,659.75,658.97998046875,659.75,659.75,783,660.1349975585938
2021-12-28 10:11:00-05:00,659.52001953125,659.8250122070312,659.4400024414062,659.8250122070312,659.8250122070312,2179,659.9594970703125
2021-12-28 10:12:00-05:00,659.469970703125,659.8200073242188,659.469970703125,659.7000122070312,659.7000122070312,1858,659.9114990234375
2021-12-28 10:13:00-05:00,659.7011108398438,659.7011108398438,659.6099853515625,659.7000122070312,659.7000122070312,1812,659.8215026855469
2021-12-28 10:14:00-05:00,659.3800048828125,659.3800048828125,658.6849975585938,658.8099975585938,658.8099975585938,2593,659.6740051269531
2021-12-28 10:15:00-05:00,658.8800048828125,658.9149780273438,658.8800048828125,658.9149780273438,658.9149780273438,299,659.5885009765625
2021-12-28 10:16:00-05:00,659.0700073242188,659.0700073242188,658.875,658.875,658.875,961,659.4590026855469
2021-12-28 10:17:00-05:00,658.6099853515625,658.8900146484375,658.2849731445312,658.2899780273438,658.2899780273438,4508,659.3265014648438
2021-12-28 10:18:00-05:00,658.655029296875,658.6749877929688,658.010009765625,658.4299926757812,658.4299926757812,4711,659.1924987792969
2021-12-28 10:19:00-05:00,658.5050048828125,658.5050048828125,658.5050048828125,658.5050048828125,658.5050048828125,354,659.0799987792968
2021-12-28 10:20:00-05:00,658.5050048828125,658.5050048828125,657.60009765625,657.60009765625,657.60009765625,2271,658.8650085449219
2021-12-28 10:21:00-05:00,657.6400146484375,658.1199951171875,657.5,657.8099975585938,657.8099975585938,3905,658.6635070800781
2021-12-28 10:23:00-05:00,657.7000122070312,657.7000122070312,657.280029296875,657.280029296875,657.280029296875,1148,658.4215087890625
2021-12-28 10:24:00-05:00,657.1199951171875,657.1199951171875,656.5778198242188,656.5778198242188,656.5778198242188,1428,658.1092895507812
2021-12-28 10:25:00-05:00,656.72998046875,656.72998046875,656.72998046875,656.72998046875,656.72998046875,1183,657.9012878417968
2021-12-28 10:26:00-05:00,656.8300170898438,657.1199951171875,656.8300170898438,657.1199951171875,657.1199951171875,1025,657.7217895507813
2021-12-28 10:27:00-05:00,657.0700073242188,657.1500244140625,656.75,657.0399780273438,657.0399780273438,1496,657.5382873535157
2021-12-28 10:28:00-05:00,657.3900146484375,657.8200073242188,657.2000122070312,657.8200073242188,657.8200073242188,1335,657.4912902832032
2021-12-28 10:29:00-05:00,657.5050048828125,657.5050048828125,657.5050048828125,657.5050048828125,657.5050048828125,615,657.3987915039063
2021-12-28 10:30:00-05:00,657.4849853515625,657.4849853515625,657.4849853515625,657.4849853515625,657.4849853515625,2030,657.2967895507812
2021-12-28 10:31:00-05:00,657.5499877929688,657.5499877929688,657.530029296875,657.530029296875,657.530029296875,490,657.2897827148438
2021-12-28 10:32:00-05:00,657.530029296875,657.8699951171875,657.530029296875,657.8699951171875,657.8699951171875,947,657.2957824707031
2021-12-28 10:33:00-05:00,657.7899780273438,657.7899780273438,657.7899780273438,657.7899780273438,657.7899780273438,119,657.34677734375
2021-12-28 10:34:00-05:00,657.77001953125,657.8499755859375,657.655029296875,657.8499755859375,657.8499755859375,1383,657.4739929199219
2021-12-28 10:35:00-05:00,658.10498046875,658.5,658.10498046875,658.5,658.5,915,657.6509948730469
2021-12-28 10:36:00-05:00,659.0050048828125,659.010009765625,658.97998046875,658.97998046875,658.97998046875,688,657.8369934082032
2021-12-28 10:37:00-05:00,658.6300048828125,659.094970703125,658.6300048828125,659.094970703125,659.094970703125,1119,658.0424926757812
2021-12-28 10:38:00-05:00,659.4000244140625,659.4000244140625,659.4000244140625,659.4000244140625,659.4000244140625,443,658.2004943847656
2021-12-28 10:39:00-05:00,659.0407104492188,659.2100219726562,659.0407104492188,659.1199951171875,659.1199951171875,1642,658.3619934082031
2021-12-28 10:40:00-05:00,658.8699951171875,658.8800048828125,658.4400024414062,658.8800048828125,658.8800048828125,2417,658.5014953613281
2021-12-28 10:41:00-05:00,658.8599853515625,659.030029296875,658.47998046875,658.9299926757812,658.9299926757812,2380,658.6414916992187
2021-12-28 10:42:00-05:00,658.6699829101562,658.6699829101562,658.6599731445312,658.6599731445312,658.6599731445312,2226,658.7204895019531
2021-12-28 10:43:00-05:00,658.739990234375,658.739990234375,658.739990234375,658.739990234375,658.739990234375,341,658.8154907226562
2021-12-28 10:45:00-05:00,659.219970703125,659.219970703125,659.219970703125,659.219970703125,659.219970703125,467,658.952490234375
2021-12-28 10:46:00-05:00,659.1051025390625,659.1051025390625,658.4400024414062,658.4400024414062,658.4400024414062,888,658.9464904785157
2021-12-28 10:48:00-05:00,658.1699829101562,658.47998046875,658.1699829101562,658.47998046875,658.47998046875,1185,658.8964904785156
2021-12-28 10:49:00-05:00,658.8300170898438,658.8300170898438,658.8300170898438,658.8300170898438,658.8300170898438,423,658.8699951171875
2021-12-28 10:50:00-05:00,658.3099975585938,658.6400146484375,658.3099975585938,658.489990234375,658.489990234375,817,658.7789916992188
2021-12-28 10:51:00-05:00,658.6199951171875,658.6199951171875,658.3900146484375,658.52001953125,658.52001953125,1686,658.718994140625
2021-12-28 10:52:00-05:00,658.469970703125,658.6898803710938,658.469970703125,658.6898803710938,658.6898803710938,347,658.6999816894531
2021-12-28 10:53:00-05:00,658.4199829101562,658.5700073242188,658.2999877929688,658.510009765625,658.510009765625,1448,658.6579833984375
2021-12-28 10:55:00-05:00,658.6599731445312,659.010009765625,658.6099853515625,659.010009765625,659.010009765625,1495,658.6929870605469
2021-12-28 10:56:00-05:00,659.1799926757812,659.3200073242188,659.1799926757812,659.3200073242188,659.3200073242188,856,658.7509887695312
2021-12-28 10:57:00-05:00,659.3400268554688,659.5499877929688,659.3400268554688,659.5499877929688,659.5499877929688,695,658.7839904785156
2021-12-28 10:59:00-05:00,659.5850219726562,659.5850219726562,659.5850219726562,659.5850219726562,659.5850219726562,574,658.8984924316406
2021-12-28 11:00:00-05:00,659.739990234375,659.739990234375,659.739990234375,659.739990234375,659.739990234375,485,659.0244934082032
2021-12-28 11:01:00-05:00,660.0,660.1199951171875,659.4650268554688,659.4650268554688,659.4650268554688,2079,659.0879943847656
2021-12-28 11:02:00-05:00,659.6799926757812,659.6900024414062,659.6799926757812,659.6900024414062,659.6900024414062,806,659.2079956054688
2021-12-28 11:04:00-05:00,659.719970703125,659.719970703125,659.6900024414062,659.6900024414062,659.6900024414062,1495,659.3249938964843
2021-12-28 11:05:00-05:00,660.3800048828125,660.72998046875,660.3599853515625,660.72998046875,660.72998046875,1503,659.52900390625
2021-12-28 11:06:00-05:00,660.0700073242188,660.114990234375,660.0700073242188,660.114990234375,660.114990234375,379,659.689501953125
2021-12-28 11:07:00-05:00,660.294921875,660.294921875,660.02001953125,660.02001953125,660.02001953125,362,659.7905029296875
2021-12-28 11:08:00-05:00,660.3300170898438,660.4600219726562,660.2899780273438,660.3400268554688,660.3400268554688,2059,659.8925048828125
2021-12-28 11:09:00-05:00,660.0499877929688,660.3099975585938,660.0499877929688,660.3099975585938,660.3099975585938,1139,659.968505859375
2021-12-28 11:10:00-05:00,660.1199951171875,660.1199951171875,660.0599975585938,660.0599975585938,660.0599975585938,776,660.0160034179687
2021-12-28 11:11:00-05:00,660.0599975585938,660.2100219726562,660.0599975585938,660.0650024414062,660.0650024414062,1655,660.0485046386718
2021-12-28 11:13:00-05:00,660.0499877929688,660.0499877929688,659.719970703125,659.719970703125,659.719970703125,1473,660.0739990234375
2021-12-28 11:15:00-05:00,659.5590209960938,659.8400268554688,659.4000244140625,659.5650024414062,659.5650024414062,2988,660.0614990234375
2021-12-28 11:16:00-05:00,659.760009765625,659.760009765625,659.760009765625,659.760009765625,659.760009765625,222,660.0684997558594
2021-12-28 11:17:00-05:00,659.97998046875,660.27001953125,659.9600219726562,659.9600219726562,659.9600219726562,1011,659.99150390625
2021-12-28 11:18:00-05:00,660.3099975585938,660.3099975585938,660.030029296875,660.030029296875,660.030029296875,1046,659.9830078125
2021-12-28 11:19:00-05:00,660.3900146484375,660.3900146484375,660.260009765625,660.260009765625,660.260009765625,1039,660.0070068359375
2021-12-28 11:21:00-05:00,660.1699829101562,660.2899780273438,660.0250244140625,660.2899780273438,660.2899780273438,964,660.002001953125
2021-12-28 11:22:00-05:00,660.5900268554688,660.6199951171875,660.4057006835938,660.594970703125,660.594970703125,1820,660.0304992675781
2021-12-28 11:23:00-05:00,660.0800170898438,660.0800170898438,659.9600219726562,659.9600219726562,659.9600219726562,889,660.0205017089844
2021-12-28 11:24:00-05:00,659.8800048828125,659.9199829101562,659.8699951171875,659.8699951171875,659.8699951171875,909,660.0010009765625
2021-12-28 11:26:00-05:00,659.6400146484375,659.8599853515625,659.5399780273438,659.5399780273438,659.5399780273438,612,659.9830017089844
2021-12-28 11:27:00-05:00,659.510009765625,659.5499877929688,659.22998046875,659.5499877929688,659.5499877929688,1409,659.9815002441406
2021-12-28 11:28:00-05:00,659.52001953125,659.52001953125,659.52001953125,659.52001953125,659.52001953125,276,659.9575012207031
2021-12-28 11:29:00-05:00,659.5700073242188,659.7000122070312,659.5399780273438,659.5499877929688,659.5499877929688,1589,659.9164978027344
2021-12-28 11:30:00-05:00,659.4600219726562,659.469970703125,659.0399780273438,659.0399780273438,659.0399780273438,1055,659.8174926757813
2021-12-28 11:31:00-05:00,658.9400024414062,658.9400024414062,658.72998046875,658.72998046875,658.72998046875,454,659.6644897460938
2021-12-28 11:32:00-05:00,659.02001953125,659.02001953125,659.02001953125,659.02001953125,659.02001953125,423,659.5374938964844
2021-12-28 11:33:00-05:00,659.0700073242188,659.0700073242188,658.47998046875,658.5999755859375,658.5999755859375,2944,659.3379943847656
2021-12-28 11:34:00-05:00,658.719970703125,658.72998046875,658.2999877929688,658.3099975585938,658.3099975585938,2758,659.1729919433594
2021-12-28 11:35:00-05:00,658.0250244140625,658.149169921875,658.0250244140625,658.149169921875,658.149169921875,353,659.0009094238281
2021-12-28 11:36:00-05:00,658.3499755859375,658.4299926757812,658.3499755859375,658.4299926757812,658.4299926757812,822,658.8899108886719
2021-12-28 11:37:00-05:00,658.010009765625,658.010009765625,658.010009765625,658.010009765625,658.010009765625,167,658.7359130859375
2021-12-28 11:38:00-05:00,658.5286865234375,658.5286865234375,658.47998046875,658.47998046875,658.47998046875,522,658.6319091796875
2021-12-28 11:39:00-05:00,658.0650024414062,658.3350219726562,658.0650024414062,658.3350219726562,658.3350219726562,686,658.5104125976562
2021-12-28 11:42:00-05:00,658.3350219726562,658.3350219726562,657.6199951171875,657.6199951171875,657.6199951171875,1858,658.3684143066406
2021-12-28 11:43:00-05:00,658.0399780273438,658.0399780273438,657.4600219726562,657.6749877929688,657.6749877929688,2078,658.2629150390625
2021-12-28 11:44:00-05:00,657.4400024414062,657.4400024414062,656.7675170898438,656.7675170898438,656.7675170898438,1645,658.0376647949219
2021-12-28 11:45:00-05:00,656.5700073242188,657.1500244140625,656.530029296875,656.9650268554688,656.9650268554688,3307,657.874169921875
2021-12-28 11:46:00-05:00,657.1300048828125,657.1300048828125,657.1300048828125,657.1300048828125,657.1300048828125,107,657.7561706542969
2021-12-28 11:47:00-05:00,657.3599853515625,657.4400024414062,657.1300048828125,657.2000122070312,657.2000122070312,2979,657.6612548828125
2021-12-28 11:49:00-05:00,657.4099731445312,657.4099731445312,657.0499877929688,657.0499877929688,657.0499877929688,2148,657.5232543945312
2021-12-28 11:50:00-05:00,656.739990234375,656.739990234375,656.4500122070312,656.5750122070312,656.5750122070312,1108,657.3797546386719
2021-12-28 11:51:00-05:00,656.7930297851562,657.260009765625,656.7930297851562,656.8499755859375,656.8499755859375,773,657.2167541503907
2021-12-28 11:52:00-05:00,656.5900268554688,656.5900268554688,656.5900268554688,656.5900268554688,656.5900268554688,746,657.0422546386719
2021-12-28 11:54:00-05:00,656.280029296875,656.6500244140625,656.280029296875,656.4924926757812,656.4924926757812,1422,656.9295043945312
2021-12-28 11:55:00-05:00,656.5,656.6599731445312,656.4949951171875,656.52001953125,656.52001953125,1030,656.8140075683593
2021-12-28 11:56:00-05:00,656.3099975585938,656.3099975585938,656.1599731445312,656.1599731445312,656.1599731445312,1812,656.7532531738282
2021-12-28 11:57:00-05:00,656.4400024414062,656.4400024414062,656.4400024414062,656.4400024414062,656.4400024414062,1090,656.7007507324219
2021-12-28 11:58:00-05:00,656.3400268554688,656.3499755859375,656.25,656.25,656.25,618,656.6127502441407
2021-12-28 11:59:00-05:00,656.405029296875,656.405029296875,656.1900024414062,656.27001953125,656.27001953125,427,656.5197509765625
2021-12-28 12:00:00-05:00,656.076904296875,656.2249755859375,656.076904296875,656.2249755859375,656.2249755859375,505,656.4372497558594
2021-12-28 12:01:00-05:00,656.1300048828125,656.1300048828125,656.1300048828125,656.1300048828125,656.1300048828125,454,656.3927490234375
2021-12-28 12:02:00-05:00,656.3049926757812,656.3049926757812,656.3049926757812,656.3049926757812,656.3049926757812,123,656.3382507324219
2021-12-28 12:03:00-05:00,656.1400146484375,656.6599731445312,656.0999755859375,656.6599731445312,656.6599731445312,3058,656.3452453613281
2021-12-28 12:04:00-05:00,656.5999755859375,656.7349853515625,656.510009765625,656.510009765625,656.510009765625,1311,656.3469970703125
2021-12-28 12:05:00-05:00,656.5700073242188,656.6900024414062,656.4400024414062,656.6900024414062,656.6900024414062,1263,656.3639953613281
2021-12-28 12:07:00-05:00,656.3724975585938,656.3724975585938,656.3724975585938,656.3724975585938,656.3724975585938,154,656.3852478027344
2021-12-28 12:08:00-05:00,656.6099853515625,656.6099853515625,656.1699829101562,656.1699829101562,656.1699829101562,628,656.3582458496094
2021-12-28 12:09:00-05:00,656.1699829101562,656.2849731445312,656.0399780273438,656.0399780273438,656.0399780273438,1219,656.3372436523438
2021-12-28 12:10:00-05:00,656.2000122070312,656.2000122070312,656.2000122070312,656.2000122070312,656.2000122070312,508,656.3302429199218
2021-12-28 12:11:00-05:00,656.2000122070312,656.2000122070312,656.2000122070312,656.2000122070312,656.2000122070312,210,656.3277465820313
2021-12-28 12:12:00-05:00,656.3900146484375,656.469970703125,656.2000122070312,656.2899780273438,656.2899780273438,1532,656.3437438964844
2021-12-28 12:13:00-05:00,656.2899780273438,656.530029296875,656.2899780273438,656.2899780273438,656.2899780273438,2224,656.3422424316407
2021-12-28 12:14:00-05:00,656.27001953125,656.29248046875,656.27001953125,656.29248046875,656.29248046875,3258,656.3054931640625
2021-12-28 12:15:00-05:00,656.2100219726562,656.7949829101562,656.2100219726562,656.7949829101562,656.7949829101562,1624,656.3339904785156
2021-12-28 12:16:00-05:00,656.7999877929688,656.8150024414062,656.7449951171875,656.7449951171875,656.7449951171875,433,656.3394897460937
2021-12-28 12:17:00-05:00,656.7449951171875,656.7449951171875,656.2949829101562,656.469970703125,656.469970703125,1994,656.3492370605469
2021-12-28 12:18:00-05:00,656.5800170898438,656.5800170898438,656.4849853515625,656.4849853515625,656.4849853515625,1102,656.3807373046875
2021-12-28 12:19:00-05:00,656.4749755859375,656.4749755859375,656.4749755859375,656.4749755859375,656.4749755859375,142,656.4242370605468
2021-12-28 12:20:00-05:00,656.5150146484375,656.5150146484375,656.5150146484375,656.5150146484375,656.5150146484375,614,656.4557373046875
2021-12-28 12:23:00-05:00,656.2000122070312,656.469970703125,656.1699829101562,656.4000244140625,656.4000244140625,2265,656.4757385253906
2021-12-28 12:24:00-05:00,656.5349731445312,656.6663818359375,656.5349731445312,656.5499877929688,656.5499877929688,707,656.5017395019531
2021-12-28 12:25:00-05:00,656.6599731445312,656.7249755859375,656.6599731445312,656.7249755859375,656.7249755859375,435,656.5452392578125
2021-12-28 12:26:00-05:00,656.9299926757812,657.4899291992188,656.9299926757812,657.4899291992188,657.4899291992188,1419,656.6649841308594
2021-12-28 12:27:00-05:00,657.2449951171875,657.2449951171875,657.2249755859375,657.2249755859375,657.2249755859375,3199,656.7079833984375
2021-12-28 12:28:00-05:00,657.1900024414062,657.5499877929688,656.75,656.75,656.75,11170,656.7084838867188
2021-12-28 12:29:00-05:00,656.8400268554688,656.8400268554688,656.5349731445312,656.5349731445312,656.5349731445312,1006,656.7149841308594
2021-12-28 12:30:00-05:00,656.7999877929688,656.8200073242188,656.4849853515625,656.6799926757812,656.6799926757812,2184,656.7344848632813
2021-12-28 12:31:00-05:00,656.3200073242188,656.3200073242188,655.72998046875,655.72998046875,655.72998046875,2224,656.6599853515625
2021-12-28 12:32:00-05:00,655.719970703125,655.72998046875,655.719970703125,655.72998046875,655.72998046875,807,656.5814819335938
2021-12-28 12:33:00-05:00,655.2100219726562,655.2100219726562,655.2100219726562,655.2100219726562,655.2100219726562,520,656.4624816894532
2021-12-28 12:34:00-05:00,655.0800170898438,655.0800170898438,655.0800170898438,655.0800170898438,655.0800170898438,309,656.3154846191406
2021-12-28 12:35:00-05:00,655.2999877929688,655.2999877929688,655.2999877929688,655.2999877929688,655.2999877929688,380,656.1729858398437
2021-12-28 12:37:00-05:00,655.4600219726562,655.6099853515625,655.4600219726562,655.5750122070312,655.5750122070312,1682,655.981494140625
2021-12-28 12:40:00-05:00,655.8800048828125,655.8800048828125,655.8800048828125,655.8800048828125,655.8800048828125,234,655.8469970703125
2021-12-28 12:41:00-05:00,655.8276977539062,656.0900268554688,655.760009765625,655.760009765625,655.760009765625,863,655.747998046875
2021-12-28 12:42:00-05:00,655.885009765625,655.885009765625,655.885009765625,655.885009765625,655.885009765625,475,655.6830017089844
2021-12-28 12:45:00-05:00,655.844970703125,656.02001953125,655.8200073242188,656.02001953125,656.02001953125,1000,655.6170043945312
2021-12-28 12:47:00-05:00,655.9299926757812,656.0800170898438,655.8900146484375,655.8900146484375,655.8900146484375,580,655.6330078125
2021-12-28 12:48:00-05:00,655.877197265625,655.877197265625,655.760009765625,655.760009765625,655.760009765625,2743,655.6360107421875
2021-12-28 12:49:00-05:00,655.8200073242188,655.8200073242188,655.594970703125,655.594970703125,655.594970703125,1708,655.6745056152344
2021-12-28 12:50:00-05:00,655.3350219726562,655.5499877929688,655.3350219726562,655.5399780273438,655.5399780273438,2514,655.7205017089843
2021-12-28 12:51:00-05:00,655.7620239257812,655.7620239257812,655.7620239257812,655.7620239257812,655.7620239257812,435,655.7667053222656
2021-12-28 12:53:00-05:00,655.9500122070312,655.9500122070312,655.9500122070312,655.9500122070312,655.9500122070312,187,655.8042053222656
2021-12-28 12:54:00-05:00,655.77001953125,655.9600219726562,655.72998046875,655.9600219726562,655.9600219726562,1951,655.81220703125
2021-12-28 12:55:00-05:00,656.0650024414062,656.0650024414062,656.0650024414062,656.0650024414062,656.0650024414062,378,655.8427062988281
2021-12-28 12:57:00-05:00,656.0999755859375,656.0999755859375,656.0999755859375,656.0999755859375,656.0999755859375,170,655.8642028808594
2021-12-28 12:58:00-05:00,656.1099853515625,656.1099853515625,656.1099853515625,656.1099853515625,656.1099853515625,147,655.8731994628906
2021-12-28 12:59:00-05:00,656.10498046875,656.10498046875,656.10498046875,656.10498046875,656.10498046875,367,655.8946960449218
2021-12-28 13:00:00-05:00,655.9199829101562,655.9199829101562,655.8800048828125,655.8800048828125,655.8800048828125,980,655.9066955566407
2021-12-28 13:01:00-05:00,655.9199829101562,656.0999755859375,655.9199829101562,656.0999755859375,656.0999755859375,1865,655.9571960449218
2021-12-28 13:02:00-05:00,656.1699829101562,656.27001953125,656.02001953125,656.27001953125,656.27001953125,1495,656.0302001953125
2021-12-28 13:03:00-05:00,656.1719970703125,656.1719970703125,656.1719970703125,656.1719970703125,656.1719970703125,792,656.0711975097656
2021-12-28 13:06:00-05:00,656.280029296875,656.280029296875,655.6500244140625,655.6500244140625,655.6500244140625,1380,656.0411987304688
2021-12-28 13:07:00-05:00,655.8300170898438,655.8300170898438,655.8300170898438,655.8300170898438,655.8300170898438,1135,656.0281982421875
2021-12-28 13:08:00-05:00,655.8400268554688,655.8400268554688,655.635009765625,655.6400146484375,655.6400146484375,898,655.9856994628906
2021-12-28 13:10:00-05:00,656.1099853515625,656.1099853515625,656.1099853515625,656.1099853515625,656.1099853515625,460,655.9867004394531
2021-12-28 13:11:00-05:00,656.030029296875,656.030029296875,656.030029296875,656.030029296875,656.030029296875,523,655.9787048339844
2021-12-28 13:12:00-05:00,656.0150146484375,656.0150146484375,656.010009765625,656.010009765625,656.010009765625,251,655.9692077636719
2021-12-28 13:13:00-05:00,655.8599853515625,655.8599853515625,655.8599853515625,655.8599853515625,655.8599853515625,526,655.9672058105468
2021-12-28 13:14:00-05:00,656.069580078125,656.069580078125,656.0150146484375,656.0150146484375,656.0150146484375,556,655.9587097167969
2021-12-28 13:15:00-05:00,656.1699829101562,656.2899780273438,656.0150146484375,656.1723022460938,656.1723022460938,833,655.9489379882813
2021-12-28 13:16:00-05:00,656.2750244140625,656.2750244140625,656.2750244140625,656.2750244140625,656.2750244140625,260,655.9592407226562
2021-12-28 13:17:00-05:00,656.2999877929688,656.3800048828125,656.2999877929688,656.3800048828125,656.3800048828125,346,656.0322387695312
2021-12-28 13:18:00-05:00,656.3699951171875,656.3699951171875,656.3699951171875,656.3699951171875,656.3699951171875,256,656.0862365722656
2021-12-28 13:19:00-05:00,656.2650146484375,656.2650146484375,655.9099731445312,655.9099731445312,655.9099731445312,749,656.113232421875
2021-12-28 13:20:00-05:00,655.989990234375,655.989990234375,655.77001953125,655.77001953125,655.77001953125,1292,656.0792358398437
2021-12-28 13:22:00-05:00,655.5900268554688,655.5900268554688,655.219970703125,655.219970703125,655.219970703125,1471,655.9982299804688
2021-12-28 13:23:00-05:00,654.6500244140625,654.6500244140625,654.6500244140625,654.6500244140625,654.6500244140625,617,655.8622314453125
2021-12-28 13:24:00-05:00,654.625,654.66748046875,654.5800170898438,654.5800170898438,654.5800170898438,1135,655.7342346191406
2021-12-28 13:25:00-05:00,654.5499877929688,654.5900268554688,654.5499877929688,654.5900268554688,654.5900268554688,713,655.5917358398438
2021-12-28 13:26:00-05:00,654.5499877929688,654.9400024414062,654.5499877929688,654.8499755859375,654.8499755859375,2911,655.4595031738281
2021-12-28 13:27:00-05:00,654.8499755859375,655.010009765625,654.8300170898438,654.8599853515625,654.8599853515625,2651,655.3179992675781
2021-12-28 13:28:00-05:00,654.9400024414062,654.9400024414062,654.8599853515625,654.8599853515625,654.8599853515625,533,655.1659973144531
2021-12-28 13:30:00-05:00,654.8900146484375,654.8900146484375,654.8900146484375,654.8900146484375,654.8900146484375,405,655.0179992675781
2021-12-28 13:31:00-05:00,654.9099731445312,655.030029296875,654.9099731445312,655.030029296875,655.030029296875,1620,654.9300048828125
2021-12-28 13:32:00-05:00,655.0999755859375,655.25,655.0900268554688,655.2150268554688,655.2150268554688,2490,654.8745056152344
2021-12-28 13:34:00-05:00,655.4199829101562,655.4199829101562,655.22998046875,655.2449951171875,655.2449951171875,1063,654.8770080566406
2021-12-28 13:35:00-05:00,655.27001953125,655.280029296875,655.27001953125,655.280029296875,655.280029296875,1289,654.9400085449219
2021-12-28 13:37:00-05:00,654.9600219726562,655.2098999023438,654.9600219726562,655.2098999023438,655.2098999023438,567,655.0029968261719
2021-12-28 13:38:00-05:00,654.9099731445312,654.9400024414062,654.9099731445312,654.9400024414062,654.9400024414062,489,655.0379943847656
2021-12-28 13:39:00-05:00,654.9749755859375,655.2949829101562,654.9749755859375,655.2949829101562,655.2949829101562,1871,655.0824951171875
2021-12-28 13:40:00-05:00,655.2949829101562,655.3699951171875,655.1900024414062,655.3400268554688,655.3400268554688,1039,655.1304992675781
2021-12-28 13:41:00-05:00,655.1500244140625,655.1500244140625,655.1500244140625,655.1500244140625,655.1500244140625,144,655.1595031738282
2021-12-28 13:42:00-05:00,655.4299926757812,655.4299926757812,655.2999877929688,655.3049926757812,655.3049926757812,1461,655.2010009765625
2021-12-28 13:43:00-05:00,655.2999877929688,655.2999877929688,654.9650268554688,654.9650268554688,654.9650268554688,1942,655.1945007324218
2021-12-28 13:44:00-05:00,654.9749755859375,654.9749755859375,654.6500244140625,654.8200073242188,654.8200073242188,1398,655.1549987792969
2021-12-28 13:45:00-05:00,654.7550048828125,654.7750244140625,654.7550048828125,654.7750244140625,654.7750244140625,363,655.1080017089844
2021-12-28 13:46:00-05:00,654.9500122070312,654.9500122070312,654.7849731445312,654.7899780273438,654.7899780273438,887,655.0589965820312
2021-12-28 13:47:00-05:00,654.9600219726562,655.0499877929688,654.8400268554688,655.0499877929688,655.0499877929688,460,655.0430053710937
2021-12-28 13:48:00-05:00,655.0,655.0,655.0,655.0,655.0,148,655.0490051269531
2021-12-28 13:49:00-05:00,654.9849853515625,655.1900024414062,654.8200073242188,654.8200073242188,654.8200073242188,2689,655.0015075683593
2021-12-28 13:50:00-05:00,654.9635009765625,654.9635009765625,654.6900024414062,654.7999877929688,654.7999877929688,1265,654.9475036621094
2021-12-28 13:51:00-05:00,654.6799926757812,654.6799926757812,654.3300170898438,654.530029296875,654.530029296875,1436,654.8855041503906
2021-12-28 13:53:00-05:00,654.5,654.6300048828125,654.5,654.6300048828125,654.6300048828125,416,654.8180053710937
2021-12-28 13:55:00-05:00,654.6500244140625,654.8499755859375,654.6500244140625,654.8499755859375,654.8499755859375,519,654.8065002441406
2021-12-28 13:56:00-05:00,654.6849975585938,654.9299926757812,654.6849975585938,654.8300170898438,654.8300170898438,1994,654.8075012207031
2021-12-28 13:57:00-05:00,654.7750244140625,654.7750244140625,654.7750244140625,654.7750244140625,654.7750244140625,162,654.8075012207031
2021-12-28 13:58:00-05:00,654.6400146484375,655.0,654.6400146484375,654.9099731445312,654.9099731445312,971,654.8195007324218
2021-12-28 13:59:00-05:00,655.1699829101562,655.1699829101562,655.0449829101562,655.1500244140625,655.1500244140625,403,654.8295043945312
2021-12-28 14:00:00-05:00,655.1099853515625,655.1099853515625,654.8200073242188,655.0999755859375,655.0999755859375,1834,654.839501953125
2021-12-28 14:01:00-05:00,654.8200073242188,654.8200073242188,654.5499877929688,654.5499877929688,654.5499877929688,615,654.8125
2021-12-28 14:02:00-05:00,654.5499877929688,654.5499877929688,654.0900268554688,654.0900268554688,654.0900268554688,697,654.74150390625
2021-12-28 14:03:00-05:00,654.0900268554688,654.1699829101562,654.0900268554688,654.1699829101562,654.1699829101562,444,654.7054992675781
2021-12-28 14:04:00-05:00,654.4099731445312,654.4400024414062,654.0800170898438,654.0800170898438,654.0800170898438,1235,654.6505004882813
2021-12-28 14:05:00-05:00,653.8099975585938,653.8300170898438,653.8099975585938,653.8300170898438,653.8300170898438,708,654.5485046386718
2021-12-28 14:06:00-05:00,654.0700073242188,654.3300170898438,654.0700073242188,654.1199951171875,654.1199951171875,1440,654.4775024414063
2021-12-28 14:08:00-05:00,654.3499755859375,654.3499755859375,654.0900268554688,654.0900268554688,654.0900268554688,379,654.4090026855469
2021-12-28 14:09:00-05:00,653.969970703125,654.3599853515625,653.969970703125,654.280029296875,654.280029296875,1928,654.3460083007812
2021-12-28 14:11:00-05:00,654.3300170898438,654.3300170898438,654.1500244140625,654.1500244140625,654.1500244140625,795,654.2460083007812
2021-12-28 14:12:00-05:00,654.47998046875,654.47998046875,654.2100219726562,654.2100219726562,654.2100219726562,334,654.1570129394531
2021-12-28 14:13:00-05:00,654.1599731445312,654.1599731445312,653.969970703125,653.969970703125,653.969970703125,2220,654.0990112304687
2021-12-28 14:14:00-05:00,654.2100219726562,654.2100219726562,654.2100219726562,654.2100219726562,654.2100219726562,1041,654.1110107421875
2021-12-28 14:15:00-05:00,654.0,654.0,654.0,654.0,654.0,241,654.0940124511719
2021-12-28 14:16:00-05:00,654.4299926757812,654.4299926757812,654.4299926757812,654.4299926757812,654.4299926757812,168,654.1290100097656
2021-12-28 14:17:00-05:00,654.1799926757812,654.2449951171875,654.1500244140625,654.1500244140625,654.1500244140625,512,654.1610107421875
2021-12-28 14:18:00-05:00,654.2860717773438,654.530029296875,654.2860717773438,654.530029296875,654.530029296875,1299,654.2020141601563
2021-12-28 14:19:00-05:00,654.5999755859375,654.8800048828125,654.4199829101562,654.52001953125,654.52001953125,2303,654.2450134277344
2021-12-28 14:20:00-05:00,654.7550048828125,655.239990234375,654.7550048828125,655.239990234375,655.239990234375,1532,654.3410095214844
2021-12-28 14:21:00-05:00,655.1950073242188,655.1950073242188,655.1950073242188,655.1950073242188,655.1950073242188,283,654.4455078125
2021-12-28 14:22:00-05:00,655.3800048828125,655.3800048828125,655.1950073242188,655.1950073242188,655.1950073242188,1206,654.5440063476562
2021-12-28 14:23:00-05:00,655.02001953125,655.0499877929688,654.9650268554688,654.9650268554688,654.9650268554688,2226,654.6435119628907
2021-12-28 14:24:00-05:00,654.8200073242188,655.0,654.8099975585938,654.8099975585938,654.8099975585938,559,654.7035095214844
2021-12-28 14:25:00-05:00,654.6900024414062,654.6900024414062,654.4500122070312,654.4500122070312,654.4500122070312,1304,654.7485107421875
2021-12-28 14:26:00-05:00,654.6799926757812,654.6799926757812,654.6799926757812,654.6799926757812,654.6799926757812,228,654.7735107421875
2021-12-28 14:27:00-05:00,654.4199829101562,654.9099731445312,654.4199829101562,654.9099731445312,654.9099731445312,1663,654.8495056152344
2021-12-28 14:29:00-05:00,654.9400024414062,655.1199951171875,654.7100219726562,654.7100219726562,654.7100219726562,1915,654.8675048828125
2021-12-28 14:30:00-05:00,654.4199829101562,654.4199829101562,654.4199829101562,654.4199829101562,654.4199829101562,539,654.8575012207032
2021-12-28 14:31:00-05:00,654.3599853515625,654.4650268554688,654.3400268554688,654.4650268554688,654.4650268554688,1398,654.7800048828125
2021-12-28 14:32:00-05:00,654.239990234375,654.4600219726562,654.239990234375,654.4600219726562,654.4600219726562,967,654.7065063476563
2021-12-28 14:34:00-05:00,654.4650268554688,654.4650268554688,654.1099853515625,654.1099853515625,654.1099853515625,844,654.5980041503906
2021-12-28 14:35:00-05:00,654.2550048828125,654.2550048828125,654.0040283203125,654.0040283203125,654.0040283203125,402,654.501904296875
2021-12-28 14:36:00-05:00,654.0289916992188,654.0289916992188,653.8300170898438,654.02001953125,654.02001953125,1095,654.4229064941406
2021-12-28 14:37:00-05:00,654.0250244140625,654.39501953125,654.0250244140625,654.39501953125,654.39501953125,1545,654.4174072265625
2021-12-28 14:38:00-05:00,654.3099975585938,654.3099975585938,654.3099975585938,654.3099975585938,654.3099975585938,366,654.3804077148437
2021-12-28 14:39:00-05:00,654.25,654.25,654.25,654.25,654.25,467,654.3144104003907
2021-12-28 14:40:00-05:00,654.3150024414062,654.3150024414062,654.3150024414062,654.3150024414062,654.3150024414062,138,654.2749084472656
2021-12-28 14:41:00-05:00,654.2000122070312,654.4199829101562,654.2000122070312,654.4199829101562,654.4199829101562,1834,654.2749084472656
2021-12-28 14:43:00-05:00,654.7000122070312,654.7000122070312,654.7000122070312,654.7000122070312,654.7000122070312,484,654.2984069824219
2021-12-28 14:44:00-05:00,654.6599731445312,654.6599731445312,654.27001953125,654.27001953125,654.27001953125,564,654.2794067382813
2021-12-28 14:45:00-05:00,654.2899780273438,654.2899780273438,654.2899780273438,654.2899780273438,654.2899780273438,1292,654.2974060058593
2021-12-28 14:46:00-05:00,654.02001953125,654.239990234375,653.9099731445312,654.239990234375,654.239990234375,1369,654.3210021972657
2021-12-28 14:47:00-05:00,654.3300170898438,654.3300170898438,654.3300170898438,654.3300170898438,654.3300170898438,482,654.352001953125
2021-12-28 14:49:00-05:00,654.3099975585938,654.4600219726562,654.280029296875,654.4600219726562,654.4600219726562,2444,654.3585021972656
2021-12-28 14:52:00-05:00,654.3049926757812,654.530029296875,654.3049926757812,654.489990234375,654.489990234375,1343,654.3765014648437
2021-12-28 14:53:00-05:00,654.4099731445312,654.5399780273438,654.4099731445312,654.4199829101562,654.4199829101562,1495,654.3934997558594
2021-12-28 14:54:00-05:00,654.3300170898438,654.4450073242188,654.3099975585938,654.405029296875,654.405029296875,1160,654.4025024414062
2021-12-28 14:55:00-05:00,654.4099731445312,654.4099731445312,654.4099731445312,654.4099731445312,654.4099731445312,195,654.4015014648437
2021-12-28 14:56:00-05:00,654.219970703125,654.3250122070312,654.219970703125,654.3250122070312,654.3250122070312,622,654.3640014648438
2021-12-28 14:57:00-05:00,654.0900268554688,654.0900268554688,653.8900146484375,653.8900146484375,653.8900146484375,1337,654.3260009765625
2021-12-28 14:58:00-05:00,654.27001953125,654.27001953125,653.8800048828125,654.0700073242188,654.0700073242188,2035,654.30400390625
2021-12-28 14:59:00-05:00,654.27001953125,654.27001953125,654.1950073242188,654.1950073242188,654.1950073242188,1465,654.2995056152344
2021-12-28 15:01:00-05:00,654.3400268554688,654.3400268554688,654.3400268554688,654.3400268554688,654.3400268554688,454,654.3005065917969
2021-12-28 15:02:00-05:00,654.489990234375,654.719970703125,654.35498046875,654.719970703125,654.719970703125,1388,654.3265014648438
2021-12-28 15:04:00-05:00,654.4000244140625,654.4000244140625,654.3049926757812,654.3049926757812,654.3049926757812,666,654.3080017089844
2021-12-28 15:05:00-05:00,654.2650146484375,654.2650146484375,654.2650146484375,654.2650146484375,654.2650146484375,200,654.2925048828125
2021-12-28 15:06:00-05:00,654.27001953125,654.469970703125,654.2000122070312,654.2750244140625,654.2750244140625,1375,654.2795043945313
2021-12-28 15:07:00-05:00,654.2000122070312,654.3150024414062,654.2000122070312,654.3150024414062,654.3150024414062,428,654.2700073242188
2021-12-28 15:08:00-05:00,654.2949829101562,654.4299926757812,654.1699829101562,654.2949829101562,654.2949829101562,1308,654.2670043945312
2021-12-28 15:09:00-05:00,654.1900024414062,654.4299926757812,654.1900024414062,654.3200073242188,654.3200073242188,1749,654.3100036621094
2021-12-28 15:10:00-05:00,654.4099731445312,654.4099731445312,654.4099731445312,654.4099731445312,654.4099731445312,466,654.3440002441406
2021-12-28 15:11:00-05:00,654.1900024414062,654.1900024414062,653.9600219726562,654.0700073242188,654.0700073242188,2137,654.3315002441407
2021-12-28 15:12:00-05:00,654.1799926757812,654.3099975585938,654.1799926757812,654.3099975585938,654.3099975585938,1214,654.3284973144531
2021-12-28 15:13:00-05:00,654.3300170898438,654.3300170898438,654.3300170898438,654.3300170898438,654.3300170898438,1071,654.289501953125
2021-12-28 15:14:00-05:00,654.489990234375,654.6799926757812,654.3800048828125,654.6799926757812,654.6799926757812,1476,654.327001953125
2021-12-28 15:15:00-05:00,654.7100219726562,654.8599853515625,654.7100219726562,654.8599853515625,654.8599853515625,1534,654.3864990234375
2021-12-28 15:16:00-05:00,654.6900024414062,654.72998046875,654.655029296875,654.72998046875,654.72998046875,1444,654.4319946289063
2021-12-28 15:17:00-05:00,654.5399780273438,654.5399780273438,654.4500122070312,654.4500122070312,654.4500122070312,430,654.4454956054688
2021-12-28 15:18:00-05:00,654.4400024414062,654.5299072265625,654.2160034179688,654.3599853515625,654.3599853515625,4937,654.4519958496094
2021-12-28 15:19:00-05:00,654.3900146484375,654.3900146484375,654.3900146484375,654.3900146484375,654.3900146484375,288,654.4589965820312
2021-12-28 15:20:00-05:00,654.3997802734375,654.489990234375,654.3997802734375,654.489990234375,654.489990234375,1049,654.4669982910157
2021-12-28 15:21:00-05:00,654.489990234375,654.489990234375,654.3400268554688,654.3400268554688,654.3400268554688,1174,654.4940002441406
2021-12-28 15:22:00-05:00,654.3400268554688,654.3400268554688,654.25,654.25,654.25,1295,654.4880004882813
2021-12-28 15:23:00-05:00,654.1300048828125,654.22998046875,654.0399780273438,654.0399780273438,654.0399780273438,2857,654.4589965820312
2021-12-28 15:24:00-05:00,654.260009765625,654.2999877929688,654.1749877929688,654.1749877929688,654.1749877929688,518,654.40849609375
2021-12-28 15:25:00-05:00,654.25,654.530029296875,654.25,654.530029296875,654.530029296875,1156,654.3755004882812
2021-12-28 15:26:00-05:00,654.3499755859375,654.52001953125,654.3499755859375,654.52001953125,654.52001953125,3263,654.3545043945312
2021-12-28 15:27:00-05:00,654.6599731445312,654.6599731445312,654.6599731445312,654.6599731445312,654.6599731445312,388,654.3755004882812
2021-12-28 15:28:00-05:00,654.5,654.5,654.5,654.5,654.5,328,654.389501953125
2021-12-28 15:29:00-05:00,654.5289916992188,654.5289916992188,654.0399780273438,654.0399780273438,654.0399780273438,1872,654.3544982910156
2021-12-28 15:30:00-05:00,654.0800170898438,654.0800170898438,653.72998046875,653.8599853515625,653.8599853515625,1991,654.2914978027344
2021-12-28 15:31:00-05:00,653.8800048828125,653.8800048828125,653.767822265625,653.767822265625,653.767822265625,1266,654.23427734375
2021-12-28 15:32:00-05:00,653.5999755859375,653.760009765625,653.5999755859375,653.6699829101562,653.6699829101562,2003,654.1762756347656
2021-12-28 15:33:00-05:00,653.4600219726562,653.739990234375,653.22998046875,653.739990234375,653.739990234375,2896,654.1462768554687
2021-12-28 15:34:00-05:00,653.8099975585938,653.8099975585938,653.8099975585938,653.8099975585938,653.8099975585938,312,654.1097778320312
2021-12-28 15:35:00-05:00,653.760009765625,653.760009765625,653.6799926757812,653.6799926757812,653.6799926757812,2591,654.0247741699219
2021-12-28 15:36:00-05:00,653.7100219726562,654.1798706054688,653.7100219726562,653.8800048828125,653.8800048828125,2577,653.9607727050782
2021-12-28 15:37:00-05:00,654.1500244140625,654.27001953125,654.030029296875,654.260009765625,654.260009765625,2643,653.9207763671875
2021-12-28 15:38:00-05:00,654.2899780273438,654.5,654.260009765625,654.469970703125,654.469970703125,1058,653.9177734375
2021-12-28 15:39:00-05:00,654.6500244140625,654.77001953125,654.6099853515625,654.6099853515625,654.6099853515625,2508,653.9747741699218
2021-12-28 15:40:00-05:00,654.760009765625,655.2899780273438,654.760009765625,655.2899780273438,655.2899780273438,4428,654.1177734375
2021-12-28 15:41:00-05:00,655.3599853515625,655.3599853515625,655.3599853515625,655.3599853515625,655.3599853515625,1607,654.2769897460937
2021-12-28 15:42:00-05:00,655.3400268554688,655.7999877929688,655.1900024414062,655.7999877929688,655.7999877929688,3425,654.489990234375
2021-12-28 15:43:00-05:00,655.9500122070312,655.9500122070312,655.8900146484375,655.9099731445312,655.9099731445312,1953,654.7069885253907
2021-12-28 15:44:00-05:00,655.9099731445312,656.0499877929688,655.9099731445312,656.0399780273438,656.0399780273438,2002,654.9299865722656
2021-12-28 15:45:00-05:00,656.0490112304688,656.260009765625,655.7999877929688,656.1400146484375,656.1400146484375,3800,655.1759887695313
2021-12-28 15:46:00-05:00,656.0399780273438,656.2100219726562,655.9600219726562,656.0800170898438,656.0800170898438,2409,655.3959899902344
2021-12-28 15:47:00-05:00,655.989990234375,656.0399780273438,655.989990234375,656.0399780273438,656.0399780273438,3052,655.5739868164062
2021-12-28 15:48:00-05:00,655.9000244140625,655.9000244140625,655.4500122070312,655.4500122070312,655.4500122070312,1834,655.6719909667969
2021-12-28 15:49:00-05:00,655.4600219726562,655.7999877929688,655.4600219726562,655.5499877929688,655.5499877929688,2792,655.7659912109375
2021-12-28 15:50:00-05:00,655.0850219726562,655.239990234375,654.9400024414062,655.1199951171875,655.1199951171875,3878,655.7489929199219
2021-12-28 15:51:00-05:00,654.9299926757812,655.1099853515625,654.6500244140625,655.0700073242188,655.0700073242188,3299,655.7199951171875
2021-12-28 15:52:00-05:00,654.969970703125,655.4099731445312,654.969970703125,655.4000244140625,655.4000244140625,4363,655.6799987792969
2021-12-28 15:53:00-05:00,655.22998046875,655.375,655.22998046875,655.3198852539062,655.3198852539062,3813,655.6209899902344
2021-12-28 15:54:00-05:00,655.489990234375,655.7000122070312,655.3900146484375,655.5900268554688,655.5900268554688,3133,655.5759948730469
2021-12-28 15:55:00-05:00,655.3300170898438,655.3300170898438,654.9500122070312,654.9500122070312,654.9500122070312,7713,655.4569946289063
2021-12-28 15:56:00-05:00,655.1599731445312,655.2000122070312,654.7899780273438,654.8200073242188,654.8200073242188,6219,655.3309936523438
2021-12-28 15:57:00-05:00,654.7899780273438,654.7899780273438,654.5399780273438,654.6300048828125,654.6300048828125,10168,655.1899963378906
2021-12-28 15:58:00-05:00,654.5999755859375,654.9099731445312,654.5999755859375,654.864990234375,654.864990234375,10005,655.131494140625
2021-12-28 15:59:00-05:00,654.8699951171875,655.5999755859375,654.760009765625,655.4500122070312,655.4500122070312,23274,655.1214965820312
